{"loss": [1.1501868963241577, 0.5431991815567017, 0.36645519733428955, 0.2757036089897156, 0.2077576071023941, 0.15492628514766693, 0.12639451026916504, 0.10966654121875763, 0.09059498459100723, 0.07459843903779984], "accuracy": [0.5977650880813599, 0.8104660511016846, 0.8734260201454163, 0.9041155576705933, 0.928372859954834, 0.9460888504981995, 0.9574270844459534, 0.9627691507339478, 0.9692014455795288, 0.9736713171005249], "val_loss": [0.584723949432373, 0.36102181673049927, 0.29710280895233154, 0.33321335911750793, 0.20366103947162628, 0.21215730905532837, 0.17312216758728027, 0.1836000680923462, 0.19317038357257843, 0.1866786926984787], "val_accuracy": [0.794547438621521, 0.8758996725082397, 0.898364245891571, 0.8861504793167114, 0.9332606196403503, 0.9273718595504761, 0.9476553797721863, 0.9422028064727783, 0.9426390528678894, 0.9426390528678894]}